N,time0,res0
0.0,0.0,11275535.0
,1.0175526142120361,11512888.0
,2.0418336391448975,11181320.0
,3.0520124435424805,11181605.0
