N,time0,res0
0.0,0.0,10468526.0
,1.0190391540527344,10450094.0
,2.0216825008392334,10310591.0
,3.0328142642974854,10439227.0
