N,time0,res0
0.0,0.0,11466662.0
,1.01823091506958,11239063.0
,2.020728588104248,11034095.0
,3.036174774169922,11156512.0
