N,time0,res0
0.0,0.0,11881908.0
,1.0178987979888916,12079193.0
,2.0311639308929443,12118117.0
,3.050861358642578,11844427.0
