N,time0,res0
0.0,0.0,12794174.0
,1.015103816986084,12399301.0
,2.0212764739990234,12362623.0
,3.0256540775299072,12507629.0
