N,time0,res0
0.0,0.0,10193241.0
,1.023524284362793,9884801.0
,2.034715414047241,10148564.0
,3.0594658851623535,10264342.0
